{
    "discount-products": [
        {
            "name": "Cabolla",
            "precio": 35.56,
            "descuento": "3%",
            "descontado": 34.19,
            "img" : "./img/cebolla.webp",
            "id" : 1
        },
        {
            "name": "Zanahoria",
            "discounted": 40.56,
            "descuento": "10%",
            "original":41.04,
            "img" : "./img/ZANAHORIA.jpg",
            "id" : 2
        },
        {
            "name": "Aguacate",
            "discounted": 40.56,
            "descuento": "10%",
            "original":41.04,
            "img" : "./img/image 3.png",
            "id" : 3
        },
        {
            "name": "Champiñones",
            "precio": 50.33,
            "descuento": "6%",
            "descontado":47.31,
            "img" : "./img/champiñones.jpg",
            "id" :4 
        },
        {
            "name": "limon",
            "discounted": 21.81,
            "descuento": "5%",
            "original":30.33,
            "img" : "./img/image 1.png",
            "id" : 5
        },
         {
            "name": "Tomete Chonto",
            "discounted": 29.95,
            "descuento": "5%",
            "original":31.53,
            "img" : "./img/image 5.png",
            "id" : 6
        },
           {
            "name": "Tomete Salsa",
            "precio": 33.53,
            "descuento": "8%",
            "descontado": 32.68,
            "img" : "./img/image 2.png",
            "id" : 7
        },
        {
            "name": "Habichuela",
            "precio": 25.13,
            "descuento": "10%",
            "descontado":22.61,
            "img" : "./img/habichuela.webp",
            "id" : 8
        },
        {
            "name": "Nopal",
            "discounted": 38.36,
            "descuento": "15%",
            "original":45.13,
            "img" : "./img/image 4.png",
            "id" : 9
        },
        {
            "name": "Arbeja",
            "precio": 38.36,
            "desdiscounted": "10%",
            "original":45.13,
            "img" : "img/las-arvejas.jpg",
            "id" : 10
        }
    ],
    "non-discount-products" :[
        {
            "name": "Queso",
            "original":65.13,
            "img" : "./img/quesojpg.jpg",
            "id" : 1
        },
        {
            "name": "Jabon",
            "original":25.12,
            "img" : "./img/jabon.jpg",
            "id" : 2
        },
        {
            "name": "Atun",
            "original":65.12,
            "img" : "./img/image 11.png",
            "id" : 4
        },
        {
            "name": "shampoo",
            "original":45.22,
            "img" : "./img/shampoo.jpeg",
            "id" : 5
        },
        {
            "name": "Huevos",
            "original":35.22,
            "img" : "./img/image 15.png",
            "id" : 6
        },
        {
            "name": "Detergente liquido",
            "original":38.25,
            "img" : "./img/Detergente-Liquido.webp",
            "id" : 7
        },
        {
            "name": "Jamon",
            "original":45.25,
            "img" : "./img/fiambre_jamon_cocido.jpg",
            "id" : 8
        },
        {
            "name": "yoguert",
            "original":35.25,
            "img" : "./img/image 13.png",
            "id" : 8
        },
        {
            "name": "Pan Tajado",
            "original":35.25,
            "img" : "./img/image 11 (1).png",
            "id" : 9
        },
        {
            "name": "Crema Dental",
            "original":35.75,
            "img" : "./img//image 14.png",
            "id" : 10
        }
    ]

}